{
  "trained_at": "2026-03-05T11:40:34.028971Z",
  "data_path": "data",
  "data_files": [
    "data/E0/E0_1516.csv",
    "data/E0/E0_1617.csv",
    "data/E0/E0_1718.csv",
    "data/E0/E0_1819.csv",
    "data/E0/E0_1920.csv",
    "data/E0/E0_2021.csv",
    "data/E0/E0_2122.csv",
    "data/E0/E0_2223.csv",
    "data/E0/E0_2324.csv",
    "data/E0/E0_2425.csv",
    "data/E0/E0_2526.csv",
    "data/D1/D1_1516.csv",
    "data/D1/D1_1617.csv",
    "data/D1/D1_1718.csv",
    "data/D1/D1_1819.csv",
    "data/D1/D1_1920.csv",
    "data/D1/D1_2021.csv",
    "data/D1/D1_2122.csv",
    "data/D1/D1_2223.csv",
    "data/D1/D1_2324.csv",
    "data/D1/D1_2425.csv",
    "data/D1/D1_2526.csv",
    "data/SP1/SP1_1516.csv",
    "data/SP1/SP1_1617.csv",
    "data/SP1/SP1_1718.csv",
    "data/SP1/SP1_1819.csv",
    "data/SP1/SP1_1920.csv",
    "data/SP1/SP1_2021.csv",
    "data/SP1/SP1_2122.csv",
    "data/SP1/SP1_2223.csv",
    "data/SP1/SP1_2324.csv",
    "data/SP1/SP1_2425.csv",
    "data/SP1/SP1_2526.csv",
    "data/I1/I1_1516.csv",
    "data/I1/I1_1617.csv",
    "data/I1/I1_1718.csv",
    "data/I1/I1_1819.csv",
    "data/I1/I1_1920.csv",
    "data/I1/I1_2021.csv",
    "data/I1/I1_2122.csv",
    "data/I1/I1_2223.csv",
    "data/I1/I1_2324.csv",
    "data/I1/I1_2425.csv",
    "data/I1/I1_2526.csv",
    "data/F1/F1_1516.csv",
    "data/F1/F1_1617.csv",
    "data/F1/F1_1718.csv",
    "data/F1/F1_1819.csv",
    "data/F1/F1_1920.csv",
    "data/F1/F1_2021.csv",
    "data/F1/F1_2122.csv",
    "data/F1/F1_2223.csv",
    "data/F1/F1_2324.csv",
    "data/F1/F1_2425.csv",
    "data/F1/F1_2526.csv"
  ],
  "n_samples": 19033,
  "outcome_accuracy": 0.5074862096138691,
  "outcome_log_loss": 0.9825322148658999,
  "goals_mae": 1.2989568529963211,
  "goals_rmse": 1.6200461695730908,
  "goals_r2": 0.06390217812319754,
  "cv_metrics": {
    "outcome_accuracy_mean": 0.5049810844892813,
    "outcome_accuracy_std": 0.013959083022064394,
    "outcome_logloss_mean": 0.9921598355862022,
    "goals_mae_mean": 1.3005868732854067,
    "goals_mae_std": 0.019114215720155966,
    "goals_rmse_mean": 1.6271613691960418
  }
}